annotation_order,review_id,gold_label
1,34677f7274f194fd,Dissatisfied
2,2fb80d1c18fe4e65,Dissatisfied
3,cf3056575665f207,Dissatisfied
4,65ac3a0468e6da3c,Dissatisfied
5,3a3e54149b6fa045,Dissatisfied
6,c4a9a2f017730a4f,Dissatisfied
7,3ecde8396ef01414,Satisfied
8,ec1c045f5130009c,Dissatisfied
9,1316f2e0a4165a0b,Dissatisfied
10,65681acd3dfb06cd,Satisfied
11,cb1441390f23c021,Dissatisfied
12,a9b4e358aa4f9396,Unclear
13,464d887c81ae9863,Dissatisfied
14,c22b056764f01dad,Dissatisfied
15,fb638d7a69a60e90,Satisfied
16,c3fbc91a557be9f8,Dissatisfied
17,c58d4ea7d6bd7121,Dissatisfied
18,223eaeb7445e9621,Satisfied
19,c9c58b31b986e593,Dissatisfied
20,c94241a41cdc7fe9,Satisfied
21,03d7a2b8cf37673e,Dissatisfied
22,44a470ecfb00a46b,Dissatisfied
23,08312a64f7ea0c94,Satisfied
24,bebbf5e7fd93cc83,Dissatisfied
25,95b443d5c526d953,Dissatisfied
26,b446677e544ace2f,Satisfied
27,d28959d7563d10b8,Satisfied
28,76063070a73b2292,Dissatisfied
29,d2ccbcea76d722e1,Dissatisfied
30,e32d3bae6a3a9bbe,Unclear
31,59b144d81c7cf3e1,Dissatisfied
32,ca0d393cc3621c99,Satisfied
33,589b596039e36004,Dissatisfied
34,67348a3ec5e61838,Dissatisfied
35,a1d312a3c0a57bc9,Unclear
36,5044022fd1e39318,Satisfied
37,0c8816f80ba66ffc,Satisfied
38,b0b7a1324b33eabb,Satisfied
39,2e9ae54b6f9654db,Unclear
40,82efeea769824df3,Satisfied
41,dda0df733714d6bb,Unclear
42,e272ec35bdedd281,Dissatisfied
43,eb19bc8a25cf51c9,Dissatisfied
44,51e9ce151d05e5e1,Dissatisfied
45,2f75e11e7bca699c,Dissatisfied
46,57bf0781283bdf8a,Satisfied
47,4bdb9549927d2410,Satisfied
48,18b80084879e923b,Satisfied
49,1e77986b3ce89504,Dissatisfied
50,ec0b81b72d2cfa0c,Satisfied
51,56a756d3d20476c6,Dissatisfied
52,2cade3219e79f87b,Dissatisfied
53,916f3403fbd0cced,Satisfied
54,eca545fd74f8700f,Dissatisfied
55,2692806ee8106d7c,Satisfied
56,96ade3af79216f15,Dissatisfied
57,8b9952d28554466f,Dissatisfied
58,f7cffd49282a8e1e,Satisfied
59,e6d32401ec5d32a7,Dissatisfied
60,4af6f5d093e68a0e,Satisfied
61,d6e3f059f4760a45,Satisfied
62,71b2f08cfb1b5b72,Dissatisfied
63,be7e879872ac0ffc,Dissatisfied
64,bb7bd205c978568a,Dissatisfied
65,fb92e0fd711ce881,Satisfied
66,a12ed7778d6f1674,Dissatisfied
67,8d0914778b20fc04,Dissatisfied
68,c47f281351ed74eb,Dissatisfied
69,ee562b21e7cca4ea,Satisfied
70,71c49783eaee8035,Dissatisfied
71,b34037dcbac65eb8,Satisfied
72,959da1b6961a4195,Satisfied
73,d8e73df766caf430,Dissatisfied
74,830240fbe08883e8,Dissatisfied
75,19b040d8a3bee52e,Satisfied
76,4cd75528f149436d,Dissatisfied
77,53d0ab54fce8624e,Dissatisfied
78,8559ec8d68bc0c28,Satisfied
79,fbcf11d253206267,Satisfied
80,cdd5e047a4b2156a,Dissatisfied
81,5c858f8c59737832,Dissatisfied
82,2e5b56bf274e9456,Dissatisfied
83,ec65cfcec325f535,Dissatisfied
84,f61295a6c8bf6099,Dissatisfied
85,15b2e5cde20538ae,Dissatisfied
86,e4e752fe7af4ddea,Dissatisfied
87,ee6ff77589c93be5,Dissatisfied
88,f100d0da323b35ec,Satisfied
89,6fd8b111ce7164f9,Satisfied
90,0f43febf1887738a,Dissatisfied
91,2c4072fa645bb279,Dissatisfied
92,4d6b2ddb0aceb541,Satisfied
93,e1d6c64e414233d7,Satisfied
94,65f4874290d2034f,Dissatisfied
95,27fc27408b6b6199,Satisfied
96,bc87c40d9db35171,Unclear
97,fa4b8df116c9eb3f,Satisfied
98,c9bfc71107163535,Unclear
99,01f36c5d528d695e,Dissatisfied
100,0debbeaafab7c479,Unclear
101,105dfb397defcbd7,Dissatisfied
102,3707cdc9ad1aa2f2,Satisfied
103,9511ffb02f1992b9,Dissatisfied
104,565629a4ef8b5cdc,Dissatisfied
105,931e45977a825971,Satisfied
106,e5a2f9407a66cbe5,Dissatisfied
107,b3d39ebb228bdc2e,Dissatisfied
108,f7a134fef7253787,Satisfied
109,c26404c94e86d8d1,Satisfied
110,57d22273ee8b9cb1,Satisfied
111,e834bd00a094b8bb,Satisfied
112,8d88f01151041931,Satisfied
113,b76dac41f151e1d4,Dissatisfied
114,20521c6288751a99,Dissatisfied
115,5dcb2dde266ef9bc,Dissatisfied
116,473bba80b810f987,Dissatisfied
117,fea705035617a967,Dissatisfied
118,c5f6216f915b9251,Dissatisfied
119,f43d095d1a5e948b,Satisfied
120,2609064332f0e27f,Dissatisfied
121,949bcc4c0b6aa34b,Satisfied
122,b422a22c40d6f911,Satisfied
123,39d05abe89cc1939,Dissatisfied
124,77fd3f9132652817,Satisfied
125,ec4b86c5a59f120d,Dissatisfied
126,f0235436ef85c080,Satisfied
127,889d531ea5b683b9,Dissatisfied
128,6137af2f0087447f,Satisfied
129,ef5c595c9da9fa1b,Satisfied
130,56ea8222bfe34f09,Dissatisfied
131,c38e5dc531cf6300,Satisfied
132,de0e5449603d8e9b,Satisfied
133,fbea3776f60b1ea9,Dissatisfied
134,a00e90853c5cc472,Satisfied
135,9be16dea68fa3dde,Satisfied
136,76bb7b69103622cb,Dissatisfied
137,e222b2ba7d89552f,Dissatisfied
138,e7bd8083c9bb5797,Dissatisfied
139,ed82bbf6cb3dc6d0,Dissatisfied
140,650f8912fdad4c60,Satisfied
141,7fd94d278b05456b,Dissatisfied
142,eb3777fafbdeb0ae,Satisfied
143,a2df56d9e1dff535,Dissatisfied
144,1d0a093884d49083,Unclear
145,66b890a44cb6530b,Satisfied
146,a835971d091072f4,Dissatisfied
147,33a04c91bcc64363,Dissatisfied
148,b6a0f5a39f02d36c,Satisfied
149,045c2c193761ce58,Satisfied
150,416387f3f94ae3e7,Satisfied
151,5a618f71d5a1cc33,Dissatisfied
152,86f442bcf9490deb,Satisfied
153,96bd72b296c8c173,Dissatisfied
154,81e1d0fb583fb47c,Satisfied
155,05f294f1533f3122,Dissatisfied
156,194daed92fefe355,Satisfied
157,feb3717c07675271,Satisfied
158,e5241e3970c06d0c,Unclear
159,909556c87e7fe9f7,Satisfied
160,c413e0e4858ddc87,Satisfied
161,04a54598802db4f1,Dissatisfied
162,58466d3d422adab2,Dissatisfied
163,f33cce790e4a08f5,Dissatisfied
164,6c09d576360d0568,Satisfied
165,4efb9653e2cfb04c,Satisfied
166,84f69df2a8b19cc3,Dissatisfied
167,cb6290da43106872,Satisfied
168,a29287f210101bbd,Satisfied
169,ee028e2fb2109a0d,Satisfied
170,7cc2fc60e9c1b50d,Dissatisfied
171,35b77c0b9c1d2da4,Dissatisfied
172,47cc9c8598b096c3,Dissatisfied
173,ada00df37efbf5f3,Satisfied
174,58895a112ada2027,Dissatisfied
175,8b3832a3d5da2fac,Satisfied
176,264f8d8d3578e33c,Satisfied
177,bbf32d3cfa6baf1d,Dissatisfied
178,35e4a1f1f433e8a5,Dissatisfied
179,b13178fc14e5ae9d,Satisfied
180,f95fa5a7f3404366,Dissatisfied
181,142c8adee21aed6b,Dissatisfied
182,91fbd9f641d6393b,Satisfied
183,07a6507d81981aa6,Satisfied
184,7b119cd5e5d3718b,Satisfied
185,c89d5599253a6ed8,Dissatisfied
186,ca343e72c989c4ff,Satisfied
187,1821f25020c79e25,Satisfied
188,968aa38a1cc785a1,Dissatisfied
189,6c61cc2e4417d31c,Satisfied
190,7c19763793d9c39e,Satisfied
191,21cf963310a9e500,Satisfied
192,a596ad0dbc6eed08,Satisfied
193,6abe33683d20a69e,Satisfied
194,d2dec84409754144,Dissatisfied
195,d7d4f16a2b874692,Satisfied
196,eed57c6a1bd1b2dc,Satisfied
197,c352e694407f3011,Satisfied
198,68ee6eea2cddfb72,Satisfied
199,6253b142da39ba42,Satisfied
200,f5a46afa35dc6600,Satisfied
201,89921437dc768216,Satisfied
202,649aeb46fa3b3df5,Dissatisfied
203,84654eb4017b3b0f,Dissatisfied
204,94a3e925f935790a,Dissatisfied
205,029cbbf2cd7fbb58,Dissatisfied
206,cd8fce1cff67e7af,Satisfied
207,32d55f6afa477fe2,Dissatisfied
208,b153a4aaa1edaa55,Dissatisfied
209,6edfbfcd7d5bebf0,Satisfied
210,d2ca5bda07271d2e,Satisfied
211,c78a8870e40645ed,Dissatisfied
212,e36f374706719e94,Dissatisfied
213,a0aae3f4c154d115,Satisfied
214,e951bfef59eee565,Satisfied
215,60b5b556934a3c19,Dissatisfied
216,e468cc75502e15d0,Satisfied
217,f50a3496ea18442c,Satisfied
218,853d084a1088810d,Dissatisfied
219,e3be4b997c4bf12e,Satisfied
220,624b2aba8a7c3185,Dissatisfied
221,2a7eba8b665d53b9,Satisfied
222,77f5c60226e617ca,Dissatisfied
223,421c69f8955b9393,Dissatisfied
224,c1643c105d33c656,Satisfied
225,49a46c6c2630b0bc,Satisfied
226,29b90cce3bb8e56c,Dissatisfied
227,0d57f4b7c4987494,Satisfied
228,b315a2ad49257946,Satisfied
229,aac7f7b73c54a4e1,Dissatisfied
230,ff8f82f4b8a417dd,Dissatisfied
231,0a6338f19259eb79,Satisfied
232,81df156d3d79a543,Dissatisfied
233,5631fd834078f3e2,Dissatisfied
234,8452d08ffd3b10c5,Dissatisfied
235,2171ec1a1e7b36e1,Satisfied
236,9ab48f537094ea9c,Satisfied
237,15550da550ec603d,Dissatisfied
238,94fd0946b17aa53c,Satisfied
239,6983842e45135ed4,Dissatisfied
240,95222ded48d98163,Dissatisfied
241,1b0a13140eb5b135,Satisfied
242,b248c1b6a9f6bf94,Dissatisfied
243,ddfae973ad1357d6,Dissatisfied
244,7efd773567878c93,Satisfied
245,e16f9d09b3e591ec,Dissatisfied
246,9a4ac5b49ee63c4f,Dissatisfied
247,af26fdc81962618b,Satisfied
248,05edf8d462321fa8,Satisfied
249,577c657e5f5f1828,Dissatisfied
250,321fbf7173118af2,Dissatisfied
251,95b931c3cfc5a6ea,Satisfied
252,71111220e61e21d2,Unclear
253,b2291ee3beb924e8,Dissatisfied
254,17e9682aee75f9bf,Dissatisfied
255,9c7699c580aa13cd,Dissatisfied
256,bb32e0143ad8422f,Satisfied
257,7ff7b0993c069804,Dissatisfied
258,5b234de716faf051,Dissatisfied
259,9f9e813983db829e,Dissatisfied
260,75a8e87f84cbc2ab,Dissatisfied
261,ac9da4172470437e,Satisfied
262,1de58f0909229b95,Dissatisfied
263,19e4063b863c62ed,Dissatisfied
264,eae76d7e956632a6,Dissatisfied
265,889bfacf2da74fd6,Satisfied
266,a98220997f987cb7,Satisfied
267,20c6d770e58783f0,Satisfied
268,691be42d45866866,Dissatisfied
269,17dcff0be2ca902e,Dissatisfied
270,ee75d21c9f7ac05b,Dissatisfied
271,752741eede73679a,Dissatisfied
272,736d11440d2aee4b,Dissatisfied
273,1284f89fce55af94,Dissatisfied
274,f57e95111ddbbeb8,Satisfied
275,a7deb8d37321a69f,Satisfied
276,7f1f7abd345f45b0,Unclear
277,6651d657b39ebfc7,Satisfied
278,39490329b8d7d166,Dissatisfied
279,9f4e2643744ef318,Dissatisfied
280,b58bd0b99fac76a2,Satisfied
281,75bbbea9bba36e0d,Dissatisfied
282,e42b39f90bf84531,Dissatisfied
283,b5beb56978f003a4,Unclear
284,49495f7976309457,Dissatisfied
285,2d4cecdafbe8b3aa,Dissatisfied
286,32cf50df3615453f,Dissatisfied
287,14bb4d5f8f8270b0,Dissatisfied
288,574034b551b98d32,Satisfied
289,5010e78f08b7f7c2,Dissatisfied
290,bb8bf44edd3afd09,Dissatisfied
291,09642a100b024e03,Dissatisfied
292,a0547af6768b6db1,Dissatisfied
293,1f47d1245d425e78,Dissatisfied
294,639c5388aa4303e4,Dissatisfied
295,ea225c6e7274cfc3,Dissatisfied
296,cb8217ae79f1d770,Satisfied
297,32ffb83e4b5ff6e0,Dissatisfied
298,adc2dc1b8d98a320,Satisfied
299,9c13fa55ca584ee2,Dissatisfied
300,2940ab28e698ae70,Dissatisfied
301,a9659595849b90ac,Dissatisfied
302,ec7fdf2ef39e2e35,Satisfied
303,b890e5f47df0230f,Satisfied
304,14b26f298c4cdc55,Satisfied
305,bb9ef055b3423a62,Dissatisfied
306,da2e2d02b0e3f6f8,Satisfied
307,19785c5ae70a5463,Satisfied
308,a565ae4a8c4d262b,Dissatisfied
309,4bd421e24b18b249,Dissatisfied
310,ff83e3dff564e482,Satisfied
311,eb524de0898f984d,Dissatisfied
312,eb7789a1e228bdc6,Satisfied
313,25b98c5fe16069af,Dissatisfied
314,caf2d7fd09fa8b40,Satisfied
315,b1140ed8b66990ac,Unclear
316,4cd536873da96077,Dissatisfied
317,320e2119d020d8ce,Dissatisfied
318,60f4ad5f6ecd264d,Satisfied
319,1280a4c07f2d1293,Dissatisfied
320,6a382561d2101a7e,Dissatisfied
321,ec401579d8376726,Dissatisfied
322,a7415eac7990d082,Dissatisfied
323,7167cf4a33f4f79f,Satisfied
324,4521fac09480cadf,Dissatisfied
325,d09450c347aaa073,Satisfied
326,e6ff9cb0bb49d2b3,Satisfied
327,23ab3499efa682af,Satisfied
328,30cbe2ae8bde4f9a,Dissatisfied
329,785b8986c0fc7b3d,Dissatisfied
330,319aeee8cb416389,Satisfied
331,909180147393bc66,Dissatisfied
332,5449241c132902cd,Dissatisfied
333,ba8158e48abc1ad1,Satisfied
334,2332c8da276a6c4a,Satisfied
335,8d5ec35b31fe919a,Dissatisfied
336,3ca2173a6cf75bfd,Satisfied
337,524088778cd577e1,Dissatisfied
338,68b6cadb67a50c58,Dissatisfied
339,c2c94cfc575b8da5,Dissatisfied
340,b6a4366383a2d995,Dissatisfied
341,2aac553baa6bcb6f,Dissatisfied
342,5753c027ce392497,Dissatisfied
343,58db076b837f8fad,Dissatisfied
344,16664f59029d3528,Dissatisfied
345,5867ffff5efc398c,Dissatisfied
346,0c3f581d50abd3ae,Unclear
347,bf049294f650f12a,Satisfied
348,c089457ce62febb4,Dissatisfied
349,0ea111c77093ef40,Dissatisfied
350,ec8f75d6e937903b,Dissatisfied
351,2b7152e966c971c7,Satisfied
352,376da350151e1b56,Dissatisfied
353,103bceb2e55affde,Dissatisfied
354,59072ee5c9a9340d,Satisfied
355,2299086b718c0421,Dissatisfied
356,568ffd044839528c,Dissatisfied
357,2546262fdfc4f3af,Satisfied
358,ac4a428830fa22f7,Dissatisfied
359,1133fba43b513464,Satisfied
360,23a8aace294700a5,Satisfied
361,4c000f6f91221f57,Dissatisfied
362,e678c723036457b3,Dissatisfied
363,7c0281dfce3d6dd8,Dissatisfied
364,733566287f45c4af,Satisfied
365,0a70250bed223d45,Satisfied
366,c33b582f06d0f465,Satisfied
367,31e94b7f3f460230,Satisfied
368,a83a8920abd1d331,Satisfied
369,bb2c422a2f2ecec2,Dissatisfied
370,e2cccdeadf2b7f23,Dissatisfied
371,405adffe274b95bc,Satisfied
372,1f0230a25b4477a6,Dissatisfied
373,a35f6736f61d6432,Dissatisfied
374,bb49ee8c1920007d,Dissatisfied
375,884af229a71dc957,Satisfied
376,fc22968e45798497,Satisfied
377,2ba428510d72e2f9,Dissatisfied
378,e9ea63236b17b3b5,Satisfied
379,6c83470eaa66a13a,Dissatisfied
380,7d16a8075257c854,Satisfied
381,ef3916d1e13faa98,Dissatisfied
382,16a6fc8f8eeaeeeb,Satisfied
383,db984c9a7a65fe65,Satisfied
384,d68391852a7cb400,Satisfied
385,f6c0c5810ec3a817,Satisfied
386,e2cd51e7e29ff4e6,Satisfied
387,8188e6ba949c7428,Dissatisfied
388,fc965c8a5a4e2f8a,Satisfied
389,756f3f106d2c13ce,Dissatisfied
390,2e6d7a4f848da4d7,Satisfied
391,f04d09d060407fb1,Dissatisfied
392,d4b5f09a19936277,Dissatisfied
393,ae2b8ef801e3d666,Satisfied
394,b7076fd6778b1060,Dissatisfied
395,9cdf41519b72bd59,Satisfied
396,c655943838414820,Dissatisfied
397,eace3b7a5fdec4d8,Dissatisfied
398,853df28950d85482,Dissatisfied
399,9f8549e6ec6824c5,Dissatisfied
400,62e38ad7ef0448af,Dissatisfied
