review_id,gold_label
b1140ed8b66990ac,Unclear
c89d5599253a6ed8,Dissatisfied
bb9ef055b3423a62,Dissatisfied
0f43febf1887738a,Dissatisfied
d2ca5bda07271d2e,Satisfied
fb92e0fd711ce881,Satisfied
650f8912fdad4c60,Satisfied
cdd5e047a4b2156a,Dissatisfied
029cbbf2cd7fbb58,Dissatisfied
fb638d7a69a60e90,Satisfied
7c19763793d9c39e,Satisfied
71c49783eaee8035,Dissatisfied
884af229a71dc957,Satisfied
05f294f1533f3122,Dissatisfied
321fbf7173118af2,Dissatisfied
6a382561d2101a7e,Dissatisfied
27fc27408b6b6199,Satisfied
5dcb2dde266ef9bc,Dissatisfied
931e45977a825971,Satisfied
2e6d7a4f848da4d7,Satisfied
ec8f75d6e937903b,Dissatisfied
624b2aba8a7c3185,Dissatisfied
62e38ad7ef0448af,Satisfied
57d22273ee8b9cb1,Satisfied
75a8e87f84cbc2ab,Dissatisfied
9be16dea68fa3dde,Satisfied
4efb9653e2cfb04c,Satisfied
7cc2fc60e9c1b50d,Dissatisfied
a7deb8d37321a69f,Satisfied
23a8aace294700a5,Satisfied
ff8f82f4b8a417dd,Dissatisfied
2692806ee8106d7c,Satisfied
ff83e3dff564e482,Satisfied
8d5ec35b31fe919a,Dissatisfied
66b890a44cb6530b,Satisfied
416387f3f94ae3e7,Satisfied
c413e0e4858ddc87,Satisfied
15b2e5cde20538ae,Dissatisfied
889bfacf2da74fd6,Satisfied
65681acd3dfb06cd,Satisfied
2940ab28e698ae70,Dissatisfied
2299086b718c0421,Dissatisfied
c94241a41cdc7fe9,Satisfied
f95fa5a7f3404366,Dissatisfied
0a70250bed223d45,Satisfied
9c7699c580aa13cd,Dissatisfied
2171ec1a1e7b36e1,Satisfied
95b443d5c526d953,Dissatisfied
d7d4f16a2b874692,Satisfied
e2cccdeadf2b7f23,Dissatisfied
ec0b81b72d2cfa0c,Satisfied
8b3832a3d5da2fac,Satisfied
d09450c347aaa073,Satisfied
f6c0c5810ec3a817,Satisfied
ee75d21c9f7ac05b,Dissatisfied
ec4b86c5a59f120d,Dissatisfied
2d4cecdafbe8b3aa,Dissatisfied
e32d3bae6a3a9bbe,Satisfied
319aeee8cb416389,Satisfied
0debbeaafab7c479,Unclear
a1d312a3c0a57bc9,Unclear
ea225c6e7274cfc3,Dissatisfied
b58bd0b99fac76a2,Satisfied
4af6f5d093e68a0e,Satisfied
3a3e54149b6fa045,Dissatisfied
49a46c6c2630b0bc,Satisfied
82efeea769824df3,Satisfied
e16f9d09b3e591ec,Dissatisfied
9cdf41519b72bd59,Satisfied
f5a46afa35dc6600,Satisfied
2f75e11e7bca699c,Dissatisfied
60b5b556934a3c19,Dissatisfied
7d16a8075257c854,Satisfied
19b040d8a3bee52e,Satisfied
bb8bf44edd3afd09,Dissatisfied
2609064332f0e27f,Dissatisfied
b6a4366383a2d995,Dissatisfied
56ea8222bfe34f09,Dissatisfied
5867ffff5efc398c,Dissatisfied
95222ded48d98163,Dissatisfied
