annotation_order,review_id,language,review_text
1,34677f7274f194fd,English,Very Worst App new shail app Compared with Old Shail App is Too Much Better Please Remove New Shail Old App is Better I am Faced To bad Experience
2,2fb80d1c18fe4e65,English,It was very bad experience this app very complicated and so. Slow
3,cf3056575665f207,Arabic,التطبيق يتوقف نهائيا عند طلب عرض البطاقة ..الحمد لله أني التقطت صورة البطاقة من الأمام و الخلف.
4,65ac3a0468e6da3c,English,This app is not working or downloading in my mobile also im facing issues with my renew id not excepted any where online
5,3a3e54149b6fa045,Arabic,التطبيق ممتاز.. ولكن للأسف الزين ما يكمل نواجه مشكله كبيرة عند طلب تسجيل مولود جديد .... الرجاء تدارك المشكلة والعمل على تصليحها... حذفت التطبيق وحملته عشر مرات ولا فائدة
6,c4a9a2f017730a4f,Arabic,التطبيق لا يعمل. بعد التحديثات التطبيق لا يعمل مطلقاً !!!
7,3ecde8396ef01414,English,amazing and useful card and helpful
8,ec1c045f5130009c,Arabic,موقع لا يلبي طموح لا توجد خيارات مثل عدم توصيل متعب في الدخول
9,1316f2e0a4165a0b,English,"lead you no where. checked MIO, I found the fines in my car."
10,65681acd3dfb06cd,Arabic,رائع جدا ولكن يحتاج الى تحديث بان يتصل مباشرة مع تحديد الموقع مع الوتساب مثل برنامج هير درايفر
11,cb1441390f23c021,Arabic,عند التسجيل كمستخدم جديد يطلب رقم الهويه .بعدها ارسال رساله علي رقم ليس معي ولا يوجد امكانيه اضافه رقم جديد لاستقبال كود التفعيل .... ما الحل
12,a9b4e358aa4f9396,English,i need ti take lost passport
13,464d887c81ae9863,Arabic,البرنامج بالمره ما يشتغل اتمنى تعدلون البرنامج .. مشكلته في اﻻغﻻق المفاجأة والتعليق بشكل كبير
14,c22b056764f01dad,Arabic,يسوى دخول مره واحده وبعدين ما يشتغل
15,fb638d7a69a60e90,Arabic,من افضل البرامج. جزاكم الله خيرا من افضل البرامج و دقيق في مواقيت الصلاة
16,c3fbc91a557be9f8,Arabic,جدا الموقع تعبان وتعيس لايمكن التعرف على كلمة السر بسهوله وهناك خلل في الموقع
17,c58d4ea7d6bd7121,English,"I can't use this app in android & ios. When I login massage appears that there are an issue , many updates come and the same problem 👎"
18,223eaeb7445e9621,English,"Hi Guys, please do install and use this app for theory test and signal test knowledge."
19,c9c58b31b986e593,English,Not supporting. On iPhone 6 not working 😔
20,c94241a41cdc7fe9,English,This app is impressive I just updated my contact details and address!!! Super
21,03d7a2b8cf37673e,Arabic,فيه خلل عند كتابة الرقم السري المرسل بالرسائل
22,44a470ecfb00a46b,Arabic,Bad. سئ جداً لو تمسحون التطبيق جدا احسن لنه التطبيق غير فعال
23,08312a64f7ea0c94,English,It's a very good app but sometimes it gets hung.
24,bebbf5e7fd93cc83,English,"For visa renewal pls take care, I have typed the correct details while submitting application and in visa my name came instead of my sons name and designation Bank clerk for my 11 year old. Also Very bad attitude from all the GDRFA officers I met and they said its your mistake and you need to pay. There is no place to complain even. I wonder hearing that they said ""its the computer who approved"". Finally I spend the same money again to modify the details."
25,95b443d5c526d953,Arabic,تطبيق غير جيد التطبيقات سابقا على سمارت بأس افضل
26,b446677e544ace2f,English,"Very helpful,  Perfect app I am looking for ...."
27,d28959d7563d10b8,Arabic,برنامج مميز و يستحق الف نجمة و كما عودنا حكام الإمارات على براعة الإنجاز و الإبداع في كل شيئ
28,76063070a73b2292,English,many times errors while creating account please fix it 🙏
29,d2ccbcea76d722e1,English,"Not able to make payment, just loading without proceeding to card details"
30,e32d3bae6a3a9bbe,Arabic,سهل الاستخدام لمن يجيد اللغة الإنجليزية ولدية خبرة في استخدام التقنية الحديثة
31,59b144d81c7cf3e1,English,"Iqama & Friday khutba. Previous app provided iqama timing centre focused and it was easy to access the Friday khutba translation 

I would request that these issues be resolved as I am facing issues accessing these services."
32,ca0d393cc3621c99,Arabic,تطبيق متميز. تطبيق ممتاز ومتميز جدا يجب على كل المقيمين بدولة الإمارات تحميل هذا التطبيق
33,589b596039e36004,English,"I am unable to sign up, because i am unable to scan back side of Emirates ID, even camera quality is good everything is good. It stucks on the same screen"
34,67348a3ec5e61838,Arabic,اعذروهم شعب اقلية في بلده يشكل 10% من مجموع السكان فاللغة الاولى للبلد هي الانجليزي تليها الاوردو ثم الفارسية واخيرا العربية
35,a1d312a3c0a57bc9,English,I want to apply Residence visa can i apply it will supportive?
36,5044022fd1e39318,Arabic,شكرا جزيلا للخدمات المقدمة برنامج رائع
37,0c8816f80ba66ffc,Arabic,شكرا عالجهود المبذولة، نأمل في إضافة ميزة الدخول عبر البصمة/مستشعر البصمة
38,b0b7a1324b33eabb,English,"informative, pleasant, practical & handy Main Missing services, 1- Update Establishment 2- submission of labor contract 3- Submission of offer letters"
39,2e9ae54b6f9654db,Arabic,هل يوفر وظائف للسعودين وهل الوظائف المعروضه تشمل امارة دبي؟
40,82efeea769824df3,Arabic,جيدة جدآ مزيدآ من التقدم والاذهار
41,dda0df733714d6bb,English,give one option in this application residence holder can renew our visa and emirates id inside application
42,e272ec35bdedd281,Arabic,في خلال. لازال الخلا موجود في داخل التطبيق مش مش قادرين انحط صوت المؤذن يطلع فراغ و الاذان مش كامل
43,eb19bc8a25cf51c9,Arabic,التطبيق معقد وما يفتح معاي قبل كان أسهل
44,51e9ce151d05e5e1,Arabic,تطبيق لايعمل بنظام الاندرويد ودائم التقطيع والتوقف ....
45,2f75e11e7bca699c,Arabic,لماذا التطبيق يشترط لمن يريد استخدامه وضع قفل على الهاتف نفسه!!!!!! ليش تتدخلون في خصوصيات العالم حط لك باسوورد في التطبيق وخلاص
46,57bf0781283bdf8a,English,thanks RTA after long  time get a nice good free GPS navigation....
47,4bdb9549927d2410,Arabic,ممتاز جدا لكن ارى في الاونه الاخيره كثرة التحديثات بين الحين والاخر
48,18b80084879e923b,Arabic,تطبيق عملي سهل وميسر... دبي دائما الاجمل
49,1e77986b3ce89504,Arabic,كلمه فاشل قليله على هذا التطبيق من صعوبه التسجيل وحتى بعد الاتصال. حيث يتم الرد خلال اسبوع عمل و من أربع أيام ما في حد اتصل
50,ec0b81b72d2cfa0c,Arabic,"شكر واجب. كل الشكر و الإحترام و التقدير للمؤسسة العريقة الهلال الأحمر الإماراتي للمساعدة في اعمال الخير.
وافر الإحترام"
51,56a756d3d20476c6,Arabic,ما اقدر ادفع فاتوره كهرباء برقم الفاتوره فقط
52,2cade3219e79f87b,English,"Certificate not printing after giving otp, app automatically closes."
53,916f3403fbd0cced,English,Love the app. I always use this ago for my payments.
54,eca545fd74f8700f,Arabic,للاسف ولا مرة فتح عندي ودايما يسكر بشكل مفاجئ ولا يعطي اي خيار غير بصمة الوجه .. ارجو المساعدة
55,2692806ee8106d7c,English,"AllhamdulliAllah, the best way how I started my Ramadan and waiting for the 6 days of shawal!!Shukran TAMM."
56,96ade3af79216f15,Arabic,يحتاج تحديث و تطوير والاهم طريقة الدخول تقليدية يجب التحديث واضافة الهوية الرقمية
57,8b9952d28554466f,English,"After November update, APP has stopped loading. I have sent many feedbacks but still waiting for action. It was good APP when it was working."
58,f7cffd49282a8e1e,Arabic,تطبيق اجباري يكون موجود معاك ،، تطبيق الهوية الرقمية يستاهل كل هل الأهتمام لأنه يعرف عن شخصيتك اذا نسيت لسانك👍🏽💛
59,e6d32401ec5d32a7,Arabic,البرنامج لا يعمل مع جالكسي اس 5 الرجاء اصلاح العطل
60,4af6f5d093e68a0e,Arabic,بلادنا غير و شيوخنا غير الله يديم النعم و يرزق شيوخنا الصحة والعافية والعمر المديد
61,d6e3f059f4760a45,Arabic,هذا التطبيق جيد جدا ويساعدك على الطريق
62,71b2f08cfb1b5b72,English,Worst service on earth. Spend 4 hours trying to pay for parking with no result
63,be7e879872ac0ffc,English,The worsts apps ever! i have my account when i try to login i can't then i try by my ID card they send me code to sign in when wrote that code in box he say incorrect. Even i use my local number they send me OTP I can't sign in 🤨 how can i apply for my return to UAE ?
64,bb7bd205c978568a,Arabic,تطبيق يخذلك في الاوقات التي تكون في أمس الحاجة له...هذه المشكلة موجودة فيه منذ اول سنة لتأسيسه حيث انا الخوادم لا تتحمل ضغط المستخدمين في اوقات الذروة
65,fb92e0fd711ce881,Arabic,اسرع وأسهل ومضمون شكرا شركة طاقه بوظبي الحبيبه
66,a12ed7778d6f1674,Arabic,تأخير في إرسال الكود عبر الايميل، بطيئ
67,8d0914778b20fc04,English,Crashes when I click on next to view more weather info
68,c47f281351ed74eb,English,This app is totally a mis i want to apply for data flow but this app is not working and profile cannot be updated?!.
69,ee562b21e7cca4ea,English,"Amazing app... Its a life saver definitely recommend this app,"
70,71c49783eaee8035,Arabic,الموقع لايعمل لدي للعلم أمتلك أيفون أكس 6
71,b34037dcbac65eb8,English,Best App in the world !! Perfection at its best !
72,959da1b6961a4195,Arabic,خدمه جيده جدا جدا والله وسريعه
73,d8e73df766caf430,Arabic,في مشكله ف التطبيق لا يريد تسجيل البيانات
74,830240fbe08883e8,Arabic,كل فتره يعلق مأمنه فايده صراحه
75,19b040d8a3bee52e,English,Thanks Dubai police for this app ❤️❤️
76,4cd75528f149436d,English,"Horrible. The new update for parking payment is horrible, the previous location-activated version was better. Now i have to walk to the nearest sign to figure out the area code. Might as well just send an sms."
77,53d0ab54fce8624e,English,unable to select nationality option while checking File Validity through Passport.
78,8559ec8d68bc0c28,English,Working very good but we need still more features...
79,fbcf11d253206267,Arabic,انصح بتحميله يدل جميع طرق الامارات
80,cdd5e047a4b2156a,English,Waste of time earlier the app was much useful now drastically changed
81,5c858f8c59737832,Arabic,التطبيق لا يعمل عند محاولة إظهار البطاقة اخرج من التطبيق!!
82,2e5b56bf274e9456,Arabic,توفير خصومات للمواطنين ويجب التشجيع عاى الدفع ان لاين وهذا لا يتضح لديكم يتم خصم مبلغ نظير الدفع ان لاين
83,ec65cfcec325f535,English,I am not satisfied with this service 😔😔
84,f61295a6c8bf6099,English,Parking search is not working. It’s a pain to pay for parking - no search is working
85,15b2e5cde20538ae,English,New update hate. I hate the new update! You can no longer see the nickname you have set for each bill in the transaction history. It just says Etisalat post paid or Dewa bill for all my bills. That is very annoying. PLEASE RETURN BACK TO ORIGINAL WAY OF HAVING NICKNAMES VISIBLE IN TRANSACTION HISTORY
86,e4e752fe7af4ddea,Arabic,حرام والله برنامج حكومي لازم يكون قوي جدا ضيعت وقتي ع الفاضي
87,ee6ff77589c93be5,English,IT IS NOT WORKING WITH ANDROID
88,f100d0da323b35ec,English,"Nice upgrades from time to time, and really helpfully"
89,6fd8b111ce7164f9,Arabic,برنامج ممتاز جدا فقط بحاجة لإضافة مزيد من شركات التوصيل
90,0f43febf1887738a,Arabic,"وايد اعطال. سيء جداً جداً جداً 
ومن اول خطوة ما نقدر نسوي التالي."
91,2c4072fa645bb279,English,not working after the update as i login its not opening rather saying update the app through app store. this is happening after the update only before it was okay....
92,4d6b2ddb0aceb541,English,Very Nice & Gratefull Location Map
93,e1d6c64e414233d7,Arabic,جزى الله خيرا كل من كان له صلة حول انشاء هذا التطبيق الأكثر من رائع
94,65f4874290d2034f,English,Latest update has caused issues with the application. Unable to authenticate or get access to government services
95,27fc27408b6b6199,Arabic,الشامل. بالمختصر منصه تختصر المسافة والوقت والجهد
96,bc87c40d9db35171,English,It shall cover the entire uae...not dubai alone
97,fa4b8df116c9eb3f,English,Very good App for information I like it Very much
98,c9bfc71107163535,English,How to get digital nol card for Samsung phone?
99,01f36c5d528d695e,English,why is dis app never working????
100,0debbeaafab7c479,Arabic,ما المقصود بشريحة الأمان المطلوبة في الجوال لكي يعمل التطبيق، وكيف لي أن أعلم إذا كان جوالي به هذه الشريحة أم لا؟!!
101,105dfb397defcbd7,English,an extra charges were added to me in my bill even my utility is very very low
102,3707cdc9ad1aa2f2,Arabic,شكر. نشكر الموظفات في الجنسيه هل حسن التعامل
103,9511ffb02f1992b9,Arabic,خدمات متعددة لكن غير فعالة. التطبيق يحتوي على العديد من الخدمات مما يبدو انه يشتت القائمين عليه بمتابعة الأخطاء الفنية. أحاول تقديم خدمة لمدة تقارب شهر لكن لا جدوى. اتواصل بشكل مستمر مع فريق الدعم الفني و لا يوجد حل لهذه المشكلة التقنية البسيطة، يتم اغلاق كل شكوى ارسلها بدون اي تغيير او تحسين في التطبيق. المؤسف في الموضوع ان المشكلة متواجدة على التطبيق و على الموقع الالكتروني. مصلحتي متوقفة على تخطي و تعديل هذه المشكلة.
104,565629a4ef8b5cdc,Arabic,الذيد. بصراحه المركز  الصحي  في  الذيد  كذا موظفه مو موظف  في الاستقبال  يمشون  على العنصريه  وماعندهم  حتي  احترام  للناس  الوافده والمواطنين اصحاب  البشره السمره  وهذا  الشي  تكرر معاي  انت شخصياً كذا  مره  مو مره وحده  واذا انا  يايه  قبل اي شخص  يدخولون الشخص  قبلي  وبدون  موعد  بعد وانا كذا مره  رحت وتكلمت معاهم بنفس  الموضوع  حجتهم  شو  اونه  انا غيرت له  الدكتور الي  هو  حاحز  عنده موعد  والقهر  يكلمون المريض  بسلوب  جداً  وقح كنه المريض  ياي   يشحت  من عندهم    حتى  الي  مخلينها في  الاداره تي  وتتكلم  بسلوب  وقح جداً اتمني  انه  الخدمات الصحيه  اشوف حل  لهاي  الامور العنصريه فمركز الذيد الصحي  ويتفاهمون  مع الي مخلينهم على الاستقبال البنات تحديداً الان اسلوبهم وايد  وقح بدون اي  احترام مع المريض
105,931e45977a825971,Arabic,ممتاز جدا جدا جدا مزيد من التقدم والنجاح الدائم
106,e5a2f9407a66cbe5,Arabic,اتمنى انه توظفون شوي مبرمجين محترفين يسون لكم البرامج بدل هذي البرامج الي كلها اخطاء
107,b3d39ebb228bdc2e,Arabic,البرنامج سيء في الاستخدام وما يفتح من بعد التحديث
108,f7a134fef7253787,Arabic,هاد التطبيق وووبس سهل مرتب وسريع لا وجع راس ولا صدعة بعطيه نجوم سما كلها بعد💪💯👌 فديتكم يا هيئة الطرق
109,c26404c94e86d8d1,English,Awesome app use easily for navigate
110,57d22273ee8b9cb1,English,They are best police in the world
111,e834bd00a094b8bb,Arabic,والله زين بيعرف الواحد مصروفه الشهري بدون عناء سهولة الدفع الفواتير
112,8d88f01151041931,English,Very easy to use specially for people services against crime and harrassment
113,b76dac41f151e1d4,English,"Full of bugs. When needed login request , it never show up. Maybe 1 out of 10 times you try to refresh then it will show up. What’s the point of using this app? Just let us use otp from phone, very stupid"
114,20521c6288751a99,English,Clearance move out card payment does not work
115,5dcb2dde266ef9bc,English,"With recent update, the option for payment with bank HSBC not functioning. This is same for SEWA bills and parking subscription renewal.Kindly look into this."
116,473bba80b810f987,Arabic,التطبيق يظهر دائما علي الشاشة بطريقة مزعجة
117,fea705035617a967,Arabic,التطبيق لا يعمل على موقع MOI
118,c5f6216f915b9251,English,"the old version was better 🤦‍♂️ it lags more, crashes often, and many times i am not able to open the app in the first place"
119,f43d095d1a5e948b,English,I love uae❤️. Best for uae people ❤️
120,2609064332f0e27f,English,"Unable to know my password which i forgot.. Even after giving both email address and id.. It has given me one chance then saying account block and contact sewa. Pls make it simple.. Not so much strict. Forgetting passwords, ids, email address is very normal.. There must always be options available to manage if 3 out of 4 ids are correct and known to consumer. After single chance it rejected the login."
121,949bcc4c0b6aa34b,Arabic,ممتاز ماشاء الله ربنا ييسر لكم الامور
122,b422a22c40d6f911,Arabic,برنامج جميل جدا ومفيد كثيرا لمعرفة الطرق والأماكن أشكر جميع القائمين على هذا البرنامج الرائع
123,39d05abe89cc1939,Arabic,ال. التحديث الجديد دايما يعلق وبدون توقيت الأذان والأقامة
124,77fd3f9132652817,English,Best of all best service.. Thanks MOHRE!!! MABUHAY!!!!!
125,ec4b86c5a59f120d,Arabic,التجربه 0/٪ التاخير عند الدخول للدكتور تأخير عند اخذ الضغط تأخير تلقي العلاج مستشفي شعم
126,f0235436ef85c080,Arabic,شكرا جزيلا علي هالبرنامج النافع لكل مواقع دبي بوضوح اشكركم جداً
127,889d531ea5b683b9,English,"Im using same password on website that I changed in the App it gives incorrect log in details, Fix your application it has alot of errors, or lets us pay through website, thank you for resolving the issue"
128,6137af2f0087447f,English,"Spectacular!!!. Excellent app, Great Support, made my work very easy...thanks 👌"
129,ef5c595c9da9fa1b,Arabic,"برنامج ممتاز وعملي ومفيد لزوار دبي,, ربي يوفقهم"
130,56ea8222bfe34f09,English,not working. the app tells me there is update and there is nothing
131,c38e5dc531cf6300,English,Very useful. Easy to use and very helpful for traveling within the city of Dubai.
132,de0e5449603d8e9b,Arabic,انا من الكويت لما اسافر دبي هذه البرنامج يسهلي الوصول الي كل مناطق الامارات الي الامام والمزيد من التقدم
133,fbea3776f60b1ea9,English,"There's a scan document error due to which I can't create my account. I need my account to activate all my other apps. Even in the excellent lightening conditions the app is failing to scan the EID. Have tried restarting the phone, clearing the cache of the app and even reinstalling it didn't help."
134,a00e90853c5cc472,Arabic,الافضل. جزاكم الله خير يا المطورين اغلب الناس قامت تحافظ على صلواتها الخمس فالمسجد من التطبيق من دقة التوقيت والقبله
135,9be16dea68fa3dde,Arabic,دقيق. ادق تطبيق لمواقيت الصلاة في دولة الامارات
136,76bb7b69103622cb,Arabic,تعديل. لا زالت هناك مشكلة فالأذان يقطع ولا يكمل الاذان كامل
137,e222b2ba7d89552f,English,Hanging garden. App is the most difficult to set up and link yo UAE passport
138,e7bd8083c9bb5797,English,unstable and taking too much time to load.
139,ed82bbf6cb3dc6d0,English,"After updating the app is not opening and crashing without any reason, please resolve this issue"
140,650f8912fdad4c60,English,good nice it help for us
141,7fd94d278b05456b,Arabic,لا يتم تسجل الدخول في الموقع ارجو حل مشكله موقع
142,eb3777fafbdeb0ae,Arabic,التطبيق مفيد جدا جدا خصوصا انك تستطيع استخدام الخرائط بدون الحاجة إلى إنترنت
143,a2df56d9e1dff535,English,"POOR APPLICATION. I can’t even see my Parking Time like how many hours or minutes left in my parking. Like seriously right now 2025 in going on…. This is not 2010 or any other year. Mostly every country developed there applications very user friendly but this RTA DUBAI. Application, fed up of using this application slow process, under developed application. Kindly check with you I.T. Guy and tell to resolve this issue. Mostly public is suffering of this poor application."
144,1d0a093884d49083,Arabic,اخي اللذي يحتاج مساعده كيف تقومون بمساعدته  والشخص موجود في تركيا مثلا
145,66b890a44cb6530b,Arabic,برنامج يسهل علي الكثير من الأشغال الي لازم اخلصها في الجوازات 👍
146,a835971d091072f4,English,"From month Cannot print previous applications. Still working on it, feeling very Sad Still showing ""something went wrong, we are working on it, and we will get it fix soon"
147,33a04c91bcc64363,Arabic,برنامج سيئ ياخذ منك وقت للتسجيل والمحصلة خطأ في التسجيل بدايتها سيئة فكيف باقي الموقع شكرا. سيئ جدا
148,b6a0f5a39f02d36c,Arabic,تطبيق ممتاز يسهل عملية التنقل في أرجاء الدولة بسلاسة ويسر
149,045c2c193761ce58,Arabic,احلى تطبيق فعلا بس نتمنى نشوف عقود الاعاره المؤقته ولبعض الوقت وشكرا
150,416387f3f94ae3e7,English,Quick to load and very helpful for checking flight status on the go.
151,5a618f71d5a1cc33,Arabic,شركه جيده ولكن لا تختار موظفيها بعنايه سائق باص رقم 71145 فتره مسائيه لا يتعامل مع الركاب باحترام اتمني نشوف حل للموضوع ده
152,86f442bcf9490deb,English,"Do you want to renew your family visa? This app is awesome, no need to go to any typing center or else. Just create your login and boom... you can do wonders 😊"
153,96bd72b296c8c173,English,3rd class verification method 100 try failded again to sughest kiosk qll other apps working prefect poor method and quilt
154,81e1d0fb583fb47c,Arabic,يعطيكم العافية جماعة دائرة النقل و البرنامج حلو و اقترح ينضاف جدول الباصات و المواعيد في قوقل ماب لان اغلب الناس يستخدمونها و لانها اسهل و موفقين 👍🏼
155,05f294f1533f3122,Arabic,تصحيح. ارجو تصليح البرنامج لانه لايعمل لدي
156,194daed92fefe355,Arabic,شكراً RTA. البرنامج روعه و فنان، بس عيبه ما يطلع كل الاماكن يباله تعديل من هالناحيه
157,feb3717c07675271,Arabic,شکریہ آر ٹی اے. ماشاءاللّٰه بغیر انٹرنیٹ کے کہیں بھی جانا مشکل نہیں
158,e5241e3970c06d0c,Arabic,ماذا استفيد هاذهي البطاقه وهل يسمح لي ادخال المستشفى بديل عن بطاقه للهوية وهل تريدون فلوس
159,909556c87e7fe9f7,English,I use this app for fine search & thats good
160,c413e0e4858ddc87,English,excellent for ud dating driving license ❤️
161,04a54598802db4f1,English,Not option to make an account the app inside show only to enter the username and password but this is my first use how to?
162,58466d3d422adab2,English,you can't perform any payment via dubai pay. i tried multiple cards not working. although i used same cards today and worked fine
163,f33cce790e4a08f5,English,Old is gold. New is garbage
164,6c09d576360d0568,Arabic,تطبيق رائع جدا وسهل الوصول اليه تحياتي لطاقم العمل ومشكورين على الجهود المبذولة لراحة الجمهور
165,4efb9653e2cfb04c,English,its very Good App for every who in UAE
166,84f69df2a8b19cc3,Arabic,"التطبيق يتوقف عند شاشه ""التحقق من بصمة الوجه"" و لا استطيع النقر على زر ""تابع"""
167,cb6290da43106872,English,Easy to use and very big help
168,a29287f210101bbd,Arabic,ممتاز جدا جدا وياريت نكون على تواصل دايما
169,ee028e2fb2109a0d,Arabic,صحه دبي بصراحه جدا مميزه بعملها و مستشفياتها بخاصه مستشفى دبي
170,7cc2fc60e9c1b50d,English,"Can't register, been waiting for my ID for almost a month, and was told to use the app for the ""electronic version"" of the ID till it's printed and received. Uninstalled."
171,35b77c0b9c1d2da4,Arabic,أسوء خدمة عملاء في دولة الإمارات شئ مخزي جدا الصراحة كول سنتر لا رقابة عليه ابدا و الموظفين فيه قمة في عدم الاحترام والتقدير و افتقار فظيع للمعلومات و التدريب و التنسيق مع الجهات المعنية باستفسار العميل؛ داخل إدارات المؤسسة. يا رجل اصرفوك و اسحبوا الخط في وجهك دون اي خوف! والله صحيح من أمن العقوبة ساء الادب كول سنتر لا يليق بكافتيريا بما بالك بؤسسة حكومية والله من هو قائم ع خدمة العملاء في هذة المؤسسة يأكل مال حرام لانه لايخدم شي ولا رقيب ع شي هدولا ايستاهلون يتم فضحهم في البث المباشر مع بوراشد
172,47cc9c8598b096c3,Arabic,غير سلس. البرنامج غير سلس في معاملات نقل الملكية وغير واضح
173,ada00df37efbf5f3,Arabic,برنامج ممتاز ...يرجى اضافة خيار في قائمة استلام رخصة مركبة.... استلام عن طريق جهاز تجديد ... بعد اجراء التجديد عن طريق التطبيق حيث لا يوجد خيار سوى التسليم عن طريق شركات البريد .حيث اني استطيع التجديد عن طريق التطبيق و طباعة رخصة المركبة عن طريق الجهاز ..وشكرا
174,58895a112ada2027,Arabic,بعد التسجيل بيطلب ادخل رقم معين على الهوية الإلكترونية ومافى موضع معين لكتابة الرقم فى نطبيق الهوية ايش الحل
175,8b3832a3d5da2fac,Arabic,ممتاز ويفر الكثير من المعلومات والمواقع في إمارة دبي شكرا
176,264f8d8d3578e33c,English,Very informative and helpful app I like it. And I recommend to use this app.
177,bbf32d3cfa6baf1d,Arabic,البرنامج لا يقبل وجه البصمه لا يتم استرجاع الحساب
178,35e4a1f1f433e8a5,English,Can download but not use. I can download the app but am unable to sign in using the only method possible-UAE Pass (which is working fine & is updated).  “Unable to proceed-incomplete data.”
179,b13178fc14e5ae9d,Arabic,إضافة الهوية الرقمية للدخول سهل وبسيط
180,f95fa5a7f3404366,Arabic,تعذبت من اسبوعين.. وما زلت وقت كتابة التعليق... نتمنى تحديث تطبيق بأسرع وقت..
181,142c8adee21aed6b,Arabic,برنامج سيئ لايقبل التسجيل ولا الدخول
182,91fbd9f641d6393b,Arabic,ما استغني عن خدماته  الحمد لله   كل اسبوع اجي الإمارات العربية المتحدة  واستخدم البرنامج جميل جدا
183,07a6507d81981aa6,Arabic,يسهل لك كل الطرق ممتاز جدا جدا
184,7b119cd5e5d3718b,Arabic,حلو اختصار تعبئ الرصيد بدون اﻻتصال ومعلومات مفيده
185,c89d5599253a6ed8,Arabic,تطبيق سيء ، حاولت التنزيل اكثر من مرة ما ينزل قبل كان يعمل بشكل جيد وطلب مني التحديث ولا قدرت اسوي التحديث وصار لي شهر مغير صورتي في الهوية ولين الحين نفس الصورة تواصلت معاهم يقولون التطبيق عند شركة تحالف وتحالف يقولون الموضوع عند الهوية
186,ca343e72c989c4ff,Arabic,شكر. الخدمات جدا ممتازه اشكر القائمين على هذه الخدمات
187,1821f25020c79e25,English,HONEST REVIEW. I’m impressed with this application and the results which ease the process and make it more enjoyable and accessible. The team is working hard and they’re helpful
188,968aa38a1cc785a1,English,"Unstable. App keeps freezing, ton of errors, failure to show time for scheduling in some fields randomly.. extremely annoying to use"
189,6c61cc2e4417d31c,English,its a wonderful app i urge to all use this app
190,7c19763793d9c39e,Arabic,بسم الله ماشاء الله تبارك الرحمن في شرطة دبي
191,21cf963310a9e500,Arabic,خدمة ممتازة جداً لكم كل الشكر والاحترام
192,a596ad0dbc6eed08,Arabic,من افضل البرامج ويعتبر تطبيق مميز ويستاهل 10 نجوم
193,6abe33683d20a69e,English,love the benefits . pleasure to be one of the members
194,d2dec84409754144,Arabic,السلام عليكم. إخواني..هذا البرنامج ممتاز .ولكن من فترة بسيطة خلال 15 يوم بدأ دائما يعمل إشارة جي بي إس ضعيفة..يشتغل دقيقة ويقف تاني ويقرر الاشارة ضعيفة .بخرج منه وأرجع أشغله علشان يكمل الطريق ولكن لم يكتمل ويستمر في الوقوف ويعكس الاتجاهات..أرجو التعديل ولكم جزيل الشكر
195,d7d4f16a2b874692,English,Best app but can't say exactly
196,eed57c6a1bd1b2dc,English,It is a good service overall
197,c352e694407f3011,English,The most important app for everyone in Dubai
198,68ee6eea2cddfb72,English,this is wounderful its clear to many things.now its help on my work responsibilities.
199,6253b142da39ba42,English,love this new features accident notification its very help for me being a delivery rider
200,f5a46afa35dc6600,English,Very good and convenient to use
201,89921437dc768216,Arabic,فخورين بالإمارات. فديت الإمارات فخورين فيها ♥️
202,649aeb46fa3b3df5,English,"Very poor directions, couldn't find most of the places."
203,84654eb4017b3b0f,English,Parking payment system has made life of citizens very difficult at Hanging Garden. need to hang this system and use simple method of payment. people those who come to hanging garding are totally confused of this stupid system of app payment.
204,94a3e925f935790a,English,I am unable to install app
205,029cbbf2cd7fbb58,English,it works with mobile internet only. not with wifi.
206,cd8fce1cff67e7af,Arabic,برنامج رائع جدا  وسهل ومايحتاج للنت اشكر RTA على هذه برنامج الرائع
207,32d55f6afa477fe2,Arabic,Bad app. من اسوأ التطبيقات التي استخدمتها في حياتي ولا تعكس للأسف الصورة المعروفة عن حكومة دبي وتوظيفها للمعاملات الرقمية في خدمة قاطنيها
208,b153a4aaa1edaa55,Arabic,هذا التطبيق لا يمكنني تجديد جواز السفر من خلاله و لقد قمة بحذف و تنزيل التطبيق اكثر من مره و عند الاتصال بمركز الخدمه لايجاد حل اجابة الموظفه بان الاجراء هو الدخول على الموقع الالكتروني لتجديد جواز السفر لماذا هذا التطبيق الموجود
209,6edfbfcd7d5bebf0,English,Outstanding Digital Service. UAEICP portal provides outstanding digital service with controlled user friendly step by step process to support people
210,d2ca5bda07271d2e,Arabic,جميل جدا ولا تنسى التحديث الاخير قبل الاستعمال
211,c78a8870e40645ed,English,"The app doesn't seem to open up for me for the last 8 months for me. Even after it's updated, no improvement was seen. Please fix."
212,e36f374706719e94,Arabic,التطبيق لايعمل في السعودية الا عن طريق التجوال.. لا يعمل على شبكة stc
213,a0aae3f4c154d115,Arabic,شكرا لكم على هذه المبادرة اعنكم الله لما فيه خير لهذا البلد
214,e951bfef59eee565,English,I want to thank nurse Sonya she is very helpful
215,60b5b556934a3c19,English,"Unable to log in. I am unable to log in with my credentials, which work perfectly on the website"
216,e468cc75502e15d0,Arabic,برنامج ممتاز. برنامج رائع ويشكر عليه
217,f50a3496ea18442c,English,Very intuitive and very easy to read while driving. Displays all the required information for a safe driving. Guided by voice also. Totally recommended. Its a 5+ !!
218,853d084a1088810d,English,Worst. This is very bad application it’s showing error always and the interface is very typical it doesn’t allow to login always showing error and for medical report they asking to pay which is worstttt .. Dubai update your system !!
219,e3be4b997c4bf12e,English,It's helped me a lot for signal test
220,624b2aba8a7c3185,English,"Payment portal is not efficient, my amount deducted from my account but here from Application is showing failed attempt."
221,2a7eba8b665d53b9,English,Best app in UAE. I really appreciate.
222,77f5c60226e617ca,Arabic,بعد التحديث الجديد اصبح التطبيق لا يعطي حالة الطلب وبالتالي صار لابد اني اروح على مراكز تسهيل لاتاكد من حالة الطلب
223,421c69f8955b9393,English,"Dark mode. When using dark mode, the words are invisible .. this issue needs more attention…
I wrote this review 7 months ago and no one is listening….
Will just cancel my paid membership"
224,c1643c105d33c656,Arabic,والله رائع جدا،، شكرا حكومة دبي
225,49a46c6c2630b0bc,Arabic,تطبيق ممتاز يعمل دون اتصال بالإنترنت.. فقط عبر الموقع الجغرافي
226,29b90cce3bb8e56c,Arabic,عند التسجيل يظهر الرجاء التواصل مع مدير النظام ولا أستطيع الدخول إلى التطبيق افيدونا
227,0d57f4b7c4987494,Arabic,الصراحه خدمة ممتازة جزاكم الله خيرا .. نعم إنها الامارات اللهم أدم علينا نعمة الامارات 🇦🇪
228,b315a2ad49257946,English,"Finally, after months of waiting, they have updated the app, and now android users can upload documents, and uaepass is working."
229,aac7f7b73c54a4e1,Arabic,التطبيق بعد اخر تحديث لم اعد استطيع الدخول يتم الوقوف عند خطوة التحقق من بصمة الوجة والتطبيق يتجمد ولا يعمل مرة اخري تم حذف التطبيق اكثر من مرة وتحميلة نفس الشيء
230,ff8f82f4b8a417dd,English,After latest update the application is not working i can't access any information
231,0a6338f19259eb79,Arabic,برنامج ممتاز جدا و سهل امور تنقلنه في دبي خصوصا و عموم الامارات. ابداع و تميز مستمر
232,81df156d3d79a543,English,"I'm from the UK and need a medicines permit from MOHAP so I think I need this pass. The scanner is scanning incorrectly, no face verification. I cannot progress. I have spent hours on this and it's driving me crazy!! I have emailed but nothing works. I needed this sorted soon as possible. please help!!!!"
233,5631fd834078f3e2,English,The App immediately closes after displaying logo
234,8452d08ffd3b10c5,Arabic,تم حل المشكله من فتره وجيزه ورجعه المشكلة مرة ثانية !!! عرض البطاقة الألكترونية فيها مشكله
235,2171ec1a1e7b36e1,Arabic,تجربة ممتازة بارك الله بجهودكم دمتم في تطور وتألق
236,9ab48f537094ea9c,English,Thanks for finally adding new roads. It would be good tho to add those white arrows in turns and lane change like in google maps.
237,15550da550ec603d,English,Payment deducted by parking not done. Many times this app taking money from bank and parking not showing then I have to put again what is this
238,94fd0946b17aa53c,English,"Hi there! Recommend app, go for it. Easier and Best service from RAKTA. Thanks-"
239,6983842e45135ed4,English,I try for registration but fro last 2 year is under process i love UAE abudhabi police
240,95222ded48d98163,English,"I have some problem, please help I had previous uae pass, but I went to update it and wanted to do account recovery, but now it's not happening. Please tell me some way?"
241,1b0a13140eb5b135,English,The app is helpful to get plenty of information. Still confused as what does the emblem represent?
242,b248c1b6a9f6bf94,Arabic,تطبيق ممتاز مع تمنياتي بمزيد من التقدم ولكن لماذا تم ازلة مستندات المكفولين
243,ddfae973ad1357d6,Arabic,الدفع. للأسف نظام دفع المالي للمخلفات تعيس وبطيئ خاصةً عند الاعتماد مما تضطر أن تغلق التطبيق عدة مرات
244,7efd773567878c93,English,the best one i have seen soo far
245,e16f9d09b3e591ec,Arabic,عدم استجابة التطبيق. للاسف الشديد بعد التحديثات الأخيرة التطبيق لم يكن على المستوى المأمول ، نأمل تحسن الاداء في التحديثات القادمة
246,9a4ac5b49ee63c4f,Arabic,البرنامج خدماته ممتازه ولكن البرنامج ثقيل جدا ومش بيحمل
247,af26fdc81962618b,English,Very useful app by RTA.. Maps Without internet in uae.. Speed limit notification and all. Excellent work..
248,05edf8d462321fa8,Arabic,شكرا برنامج جميل جدا جزاكم الله خير
249,577c657e5f5f1828,English,Sir I am try open UAE PASS App in my mobile but Application is going to crash... I have submity new document to Etisalat...but UAE PASS is going to crash please check the issue and let me know thank you...
250,321fbf7173118af2,English,Can you please tell here which are devices supportted? I did try your way but I couldn't find the answer to the question. There are a very few questions under FAQ.
251,95b931c3cfc5a6ea,Arabic,شكر وتقدير. شكرا جزيلا على خدماتكم الراقية
252,71111220e61e21d2,English,Google map is there In online so please put it offline
253,b2291ee3beb924e8,Arabic,أحيانا يكون مخطئ في إمارة عجمان والشارقه
254,17e9682aee75f9bf,English,"Constantly being broken. The recent update made the app unusable. AGAIN. I can't see any property of mine, I can't access any request I need. IT team of DLD needs to be replaced - repetitively allowing such an untested app to be released is unacceptable. When it works, it is a good app. But then IT breaks it again."
255,9c7699c580aa13cd,Arabic,ليش تم تغيير الwidget?! كان من أفضل خاصيات التطبيق. الحين يلعوز . ما نقدر ندخل التطبيق اذا ضغطنا على الwidget. وما يبين اوقات الصلاة لليوم كامل (يختفي من يطوف وقت الصلاة). يا ليت يرجع الwidget مثل ما كان قبل التعديل. يعطيكم الف عافية
256,bb32e0143ad8422f,English,"Very convenient the application, and it is easy to use. Very informative too. Thanks to rta app."
257,7ff7b0993c069804,Arabic,التحديث الجديد لا يعمل في دفع الفواتير كل ما أدفع يجيب لي خطأ في النظام
258,5b234de716faf051,Arabic,البرناحج صار له اسبوع يقولك خطأ ولا استطيع تقريب موعدي ..حرام عليكم انا بنتظر شهرين علي ميعاد التراي وده اكبر خطأ وتعطيل لمصالحي الشخصيه وانا متعطل عن العمل من ٦شهور لحين الانتهاء من الليسن..لنا رب اسمه الكريم😰😰😢
259,9f9e813983db829e,English,the app is really bad and needs improving
260,75a8e87f84cbc2ab,Arabic,UAE. التطبيق ما يفتح فيه مشكلة
261,ac9da4172470437e,Arabic,برنامج مميز جدآ وسريع الإنجاز بوركت جهودكم
262,1de58f0909229b95,Arabic,دباس ع عباس برنامج مش مرتب سئ جدا
263,19e4063b863c62ed,Arabic,التطبيق لايعمل بشكل صحيح لا يمكن الدخول للحساب
264,eae76d7e956632a6,Arabic,تطبيق سيء جدا جدا ياريت يتكلمون يعالجون المشاكل التقنية الي تتكرر مع الناس ..البطاقه البروفايل مايطلع واحراج بالمحلات
265,889bfacf2da74fd6,Arabic,شكرا على هذالتطبيق الرائع ، موفقين ان شاء الله
266,a98220997f987cb7,Arabic,ماشاء الله ربنا يبارك في إللى جهز هذا التطبيق برنامج جميل جدا
267,20c6d770e58783f0,English,"Excellent App. It’s an excellent app 
All services at one place & very easy to use 
Please add Virgin Mobile also"
268,691be42d45866866,English,Does not want to install on Samsung galaxy S7
269,17dcff0be2ca902e,English,"App crash. After recent updates, app has been crash always. Not working"
270,ee75d21c9f7ac05b,Arabic,ان كان هناك جائزة لإسواء تطبيق حكومي في دولة الإمارات فحتما هذا التطبيق هو من سيفوز بها وإن كانت هناك جائزة لإسواء خدمات الكترونية في أي مؤسسة بالامارات فحتما ستكون هيئة الامارات للهوية هي من ستفوز بها فهل يعقل ان تقدم طلب ولاتأتيك اي رسالة نصية تثبت انك قدمت طلبا
271,752741eede73679a,Arabic,اسوأ تحديث تم في نظام محاكم دبي هو استحداث رمز التحقق للطلبات الذكية وأدخل الرمز صحيح ومتأكد من صحته ويطلع رساله إن الرمز خاطئ. لذا يرجى إلغاء هذا النظام
272,736d11440d2aee4b,English,This app cant be used except to view the balance or staf lije that And the payments done in the app will not change or refill the balance
273,1284f89fce55af94,English,Many mobile not working. Because nationality not showing in my mobile.then website also not working. Please consider this app
274,f57e95111ddbbeb8,English,All residents of UAE should use this app. Because thanks to it you can access many official apps in UAE.
275,a7deb8d37321a69f,Arabic,سهل بسيط وسريع في إنجاز المعاملات
276,7f1f7abd345f45b0,Arabic,من سجلت للحين وانا احاول استخدم هذا التطبيق ال...
277,6651d657b39ebfc7,English,one of the best app for easy to get all the medical report
278,39490329b8d7d166,English,App isn’t functioning. Can’t become a member. Everytime I click on become a member it just shows an announcement instead without redirecting me to the sign up page
279,9f4e2643744ef318,English,always puts me in trouble by not recognizing my nol it might take hours to do a simple top up
280,b58bd0b99fac76a2,English,"excellent App, very easy to use, quick, direct."
281,75bbbea9bba36e0d,Arabic,حاولت مرات عديدة لتزيل البرنامج ولكن عند مرحلة التثبيت يفشل في عملية التنزيل .. ارجو حل المشكلة
282,e42b39f90bf84531,English,"Reducing 5 star to 2 star. Used to be a great application. But with recent update, we are not able to access the documents like Mulkiya details and DL properly."
283,b5beb56978f003a4,English,I have one problem ...how to backup my saved places ...
284,49495f7976309457,Arabic,التطبيق لا يعمل قمت بتنزيله اكثر من مرة
285,2d4cecdafbe8b3aa,English,Worse App ever seen. The Worse app of UAE. Always technical issue. And losing cash. Some times they make fine while trying again and again for putting parking due to technical error
286,32cf50df3615453f,English,good app but some login problem for permant visa person
287,14bb4d5f8f8270b0,English,Very bad experience for log in
288,574034b551b98d32,Arabic,جيد جدا  مع تمنياتي لكم بنجاح الدائم
289,5010e78f08b7f7c2,Arabic,للاسف بعد التحديث الجديد اصبح البرنامج سئ للغايه .... ياريت يكون في تحديث احسن من كده او احذفه البرنامج خالص علشان وقت الناس اللي بيضيع بدون فايده
290,bb8bf44edd3afd09,English,"it's not reading the cards anymore, what you did guys, it was working just fine"
291,09642a100b024e03,Arabic,البرنامج احيانا لا يعمل بالشكل المطلوب ويتأخر كثيرا
292,a0547af6768b6db1,Arabic,التطبيق لايعمل عم يطلع تم كسر حماية جهازك
293,1f47d1245d425e78,Arabic,سئ جدا رفض التاشيرة بدون توضيح الاسباب وارجاع فقط 30% من المبلغ
294,639c5388aa4303e4,English,I can't log in. It's telling me to try again later indefinitely.
295,ea225c6e7274cfc3,English,"Slow. It cannot accept payments, very slow app"
296,cb8217ae79f1d770,English,very helpful app in dubai I am respect in dubai government 🇦🇪✈️
297,32ffb83e4b5ff6e0,Arabic,برنامج مايفتح لما توصل لأخد صورة الوجه لايشتغل ويكتب تابع وتضغط على تابع مايفتح مافيش خيارات ثانية
298,adc2dc1b8d98a320,English,"Wow it is nice app, everything in one app"
299,9c13fa55ca584ee2,English,"Can't even Sign Up. Cant Even Sign Up , UAE Pass is not working"
300,2940ab28e698ae70,English,not available in Jurf area! ☹️
301,a9659595849b90ac,English,Good afternoon sir Please update the apps same problem with otp can't receive the otp
302,ec7fdf2ef39e2e35,Arabic,تطبيق رائع وسهل وخدمات كثيرة تنجزها من خلاله.
303,b890e5f47df0230f,English,"Never got a better assistance than this app for uae. Search needs to improve to provide various POIs, still it deserves top rating."
304,14b26f298c4cdc55,Arabic,افضل واحسن برنامج تواصل مع مراكز الصحيه في الإمارات سريع ومضمون وفي وقت قياسي
305,bb9ef055b3423a62,Arabic,تطبيق بعد تحديث ما قام يطلع كم تك الاستهلاك الكهرباء والماي كله اقتراحات بس مافي شئ ثاني ما يطلع شئ لا بياناتك ولا كم تم الاستهلاك الكهرباء والماي لا حول ولا قوة الا بالله
306,da2e2d02b0e3f6f8,Arabic,تطبيق ممتاز و ارجو ربطه بالبريد الإلكتروني لتجنب فقدان الاماكن المحفوظة
307,19785c5ae70a5463,Arabic,تطبيق هيئة المرور و المواصلات مرة ممتازة و لكم التوفيق و التقدم
308,a565ae4a8c4d262b,Arabic,كيف أقوم بتسحيل الهوية الرقمية وكيفية استخدامها، لأنني اضغط فتح فلا يُقبل
309,4bd421e24b18b249,Arabic,للأسف النسخة المحدثة سيئة جدا جدا ، يعلق وما يفتح ابدا وبالذات اذا كنت في مكان ومضطر عليها يعلق مشكل مش طبيعي ، اتمنى التعديل
310,ff83e3dff564e482,English,"making our lives easier, thank you"
311,eb524de0898f984d,Arabic,التطبيق علي نفس الهاتف الذي سجلت عليه لايفتح هل هناك مشكلة
312,eb7789a1e228bdc6,Arabic,ممتاز باعلى مستوى شكرا من قام بهذا العمل الكبير
313,25b98c5fe16069af,Arabic,تأخذ الصفحة وقت كثير وأحيانا يحدث خطأ بالنظام أرجو مراجعة العطب
314,caf2d7fd09fa8b40,English,Very user friendly and useful tool
315,b1140ed8b66990ac,English,"Suggestion. I would really like to see an option for active sessions, or the possibility to logout from any active session."
316,4cd536873da96077,English,Very unreliable.. Old app is better
317,320e2119d020d8ce,English,It's so clumsy. UID can be designed in a lot better way.
318,60f4ad5f6ecd264d,English,Easy Transport system and Dubai Bus Service and Metro Rail and other RTA facilities are very nice and Inshallah Smart RTA and Smart My City Dubai.
319,1280a4c07f2d1293,English,"There is option for english language, but it is not getting selected."
320,6a382561d2101a7e,English,I like this app but i feel something missing from realtime experience. See if i made top up using this app. It's not reflecting in nolcard unless i directly go to metro or parking mechine but i am not using both i am a bus rider then its not helpful. I don't know why this ristriction for topup in the digital world? Otherwise I'll give this app for four star.
321,ec401579d8376726,English,Pls bck the old much better than the new one
322,a7415eac7990d082,English,Not flexible  I am  trying  to  create  new user the application  does allow  enough  time  to select a user whenever  I select a user I get that it has  been  used by someone else  when  I try  new one I get that the pin code  expired  and I have to try  from zero . Very annoying  .
323,7167cf4a33f4f79f,English,always there to give right guidance
324,4521fac09480cadf,English,It says that there is an update available which can not be downloaded
325,d09450c347aaa073,English,"Ease of use, with so much available information"
326,e6ff9cb0bb49d2b3,English,"excellent app, user-friendly, at your convenience you do charity.."
327,23ab3499efa682af,English,This is probably one of the best traffic monitoring apps I've seen. It always helps me out in a jam and is 99% accurate...very helpful...
328,30cbe2ae8bde4f9a,English,"Has bug , not working, always crash"
329,785b8986c0fc7b3d,English,Not showing vaccine record done by Ministry of health. Dha will notnissue any invoice.
330,319aeee8cb416389,Arabic,اتمنى وزارة البلديات بالسعوديه تطبقه على المدن
331,909180147393bc66,Arabic,سئ جدا جدا يعلق وبطي جدا تبحث خدمه يضهر لك خده اخر
332,5449241c132902cd,English,This app no good khali balli faltu
333,ba8158e48abc1ad1,Arabic,تجربة رائعة و سلسة و سريعة ربنا يوفقكم
334,2332c8da276a6c4a,English,"Convenient. One stop for all Dubai govt payments. Extremely convenient and user friendly.
Single window to make DEWA, Salik, Etisalat, Traffic fines etc."
335,8d5ec35b31fe919a,English,as mentioned in the app OS requirements should be Android 7 and up but it's Not working with android 8 which force me to buy new mobile phone
336,3ca2173a6cf75bfd,Arabic,اشكر  حكومة دبي على الطرح  المميز بصراحة  ﻻ توجد لدي كلمات  و أعجز  عن التعبير  و إلى  اﻻمام
337,524088778cd577e1,Arabic,ي جماعة مايشتغل عندي مليون مرة احاول اسجل هويتي فيه كل الخطوات تعمل الا عند اخذ بصمة الوجه مايفتح معي ابدا مليون مرة اعيد واحذف التطبيق وارجع اشغله وش اسوي احتاج ادخل بيناتي اتمنا تشوفون لي حل وجزاكم الله خيرا
338,68b6cadb67a50c58,Arabic,لماذا لا يوجد باصات من ناحية الجيمي مول الى البلد ايام الويكيند !! اخر باص يكون ساعه 11 :30 وقبل التحديثات الأخيرة كانت الباصات متوفرة الى ساعه 12:30 ما المقصد من هذا التحديث ولا يوجد فيها فائدة ؟ في بعض ارقام الباصات في مدينة العين اوقاتها ليست محدده . والسواقين يتأخرو حوالي ٥ دقايق واكثر .
339,c2c94cfc575b8da5,Arabic,لم يتم إصدار الوثائق الورقيه عند إنهاء المعامله !
340,b6a4366383a2d995,Arabic,لا يعمل بشكل مقبول، الانتقال داخل البرنامج بدائي ولا يعمل
341,2aac553baa6bcb6f,English,I can't sign in app not working in the stage of face verification. This problem is only in my phone Huawei nova 3e I try another friend phone is working Please solve this problem asap.
342,5753c027ce392497,Arabic,يوجد مشكله بالبرنامج عندما ترسل رقم الهوية وترسل.... يطلب منك رمز التفعيل برقم الهاتف المسجل لدى الهوية والرمز لم يأتي وعند محاولة لأرسال الرمز عدة مرات يطلب من أن لاترسل اﻻ لبعد 24 ساعة ارجو حل هذة المشكلة بأقصى سرعة...شكرا
343,58db076b837f8fad,English,"first of all the timings are not accurate in this app. and the live map is not even working. Sometimes the app is not showing the bus if the bus is still in the stop. The old app was much better than this. Expecting to update the app much better. And suggesting you make separate tabs for Bus, metro and water metro. it will be better to select the trip."
344,16664f59029d3528,Arabic,برنامج فاشل مايخليك تسوي تسجيل دخول
345,5867ffff5efc398c,English,"It's perfect, really easy to use, just during update try to clear the technical issues soon, also enable replacement option tnx In this recent update even pre approval work permit prepaid not going to submit hope will b solved soon"
346,0c3f581d50abd3ae,Arabic,يطلب منا رقم سري شو السبب
347,bf049294f650f12a,English,Easy and simple to use while pn roads
348,c089457ce62febb4,English,im really feel bad i top up from this only waiting time....after that i cl on custmer service they told the cridet once come in ur card when u cheak in chek out..i ask him on apo nt mention im nt seen..its ok if it load in 48 hours he said no after 48 hours u need must cheak in cheak out...the app maker mistake...why they nt mention...so if any one want to make card top dnt use this drect top up from buss stop machine or metro..thx
349,0ea111c77093ef40,English,"Poor updation. After the update, I’m not able to top up my Nol card."
350,ec8f75d6e937903b,Arabic,مافيه ماقدرت احمله من السوق عادالفتح ماادري إذاتحمل بايفتح واللالا
351,2b7152e966c971c7,English,The process and the approval is very quick! Amazing Service
352,376da350151e1b56,Arabic,أسوء خدمه. غيرت اماره حسيت اني غيرت بلد تعامل ديوا الصراحه كان جدا افضل . طلبت خدمة الغاز من أسبوع واتصلت اليوم السبت أكد أنهم جايين وضليت بالبيت كل اليوم ما في احد لا زار البيت ولا اتصل. ولو مكالماتكم مسجله يا ريت الفريق المسؤول يعيد النظر بأخلاق موظفي الكول سنتر، اقله صوتك مش مسموع لان واضح بكلمني من السبيكر يقلي أنتي يلي صوتك مش مسموع أنا صوتي واضح!!! وفضيت النظر وكملت موضوعي يقلي خلص دوامهم تبع الغاز انتظري لبكره!!!!!! على أساس أنا مش أخده موعد؟؟؟؟ شو هالخدمة ؟ وكل كلمه يقلي أنا ما لي دخل أنا كول سنتر شوفي مع فريق الغاز !!!!! ليش أنا من خلال مين أتواصل مع فريق الغاز ؟؟؟؟؟  هيك سيول بيتعاملو مع الناس؟!
353,103bceb2e55affde,English,"i lost 2 aed with bad transaction notification. i lost my e wallet, its not showing in the app."
354,59072ee5c9a9340d,Arabic,برنامج ممتاز وأكثر من رائع ،
355,2299086b718c0421,English,I want to back the old s'hail very easy to search
356,568ffd044839528c,English,I give 4. But please fix: its logging out.
357,2546262fdfc4f3af,Arabic,عمل راقي ومميز. كل الشكر والتقدير لمن ساهم بإنجاز هذا العمل الذي يخدم المجتمع ويساهم في زيادة الوعي لدى أفراد المجتمع
358,ac4a428830fa22f7,English,App consolidates all govt services very well. Etisalat billing connectivity is lost with recent Etisalat upgrade. The team needs to check that.
359,1133fba43b513464,English,Thanks 4 this app I got 40 out of 40 today 26.2.2019💪💪💪
360,23a8aace294700a5,English,Best app for finding volunteering opertunites
361,4c000f6f91221f57,English,The confirmation SMS was not even sent so I can't even use the app at all You guy's need to work on this app a lot 👎👎
362,e678c723036457b3,Arabic,البرنامج لا يستجيب عند تسجيل الهويه
363,7c0281dfce3d6dd8,Arabic,عشرات الاف الافراد الذين حملوا التطبيق يشكون منه ومن تعقيداته أليس هذا يدل على سوء هذا البرنامج وسوء الفنيين المشرفين عليه ... أليست هذه التعليقات تعتبر استفتاء لكم ولمصمم ومنفذ البرنامج . البرنامج يدور بحلقة مفرغة وبالنهاية لا يفتح . علما ظهرت لي ملاحظة ان البرنامج متوافق مع جهازك . لكن لا يفتح .
364,733566287f45c4af,Arabic,الله يبارك في خدمات حكومتنا الذكيه
365,0a70250bed223d45,Arabic,البرنامج روووووعه ما شاء الله و جزاكم الله خير نفعنا بخطوات سهلة و بدون شبكة واي فاي انصح كل واحد يضع البرنامج لمعرفة الاتجاهات و احوال الطرق .
366,c33b582f06d0f465,English,Was really waiting for something like this. Thanks a lot RTA..
367,31e94b7f3f460230,Arabic,كل الأمور ممتازة وسهولة وسرعة بالأنجاز وسرعة بالتجاوب ..
368,a83a8920abd1d331,Arabic,تطبيق سهلا فى الاستخدام والتبرعات.نسال الله ان يتقبل من القائمين على الامر
369,bb2c422a2f2ecec2,Arabic,التطبيق و كذلك الموقع الإلكتروني، عندما اصل لخطوة تحديد كلمة سر او كلمة المرور، يتوقف التسجيل و تكون الرسالة كلمة السر خطأ!
370,e2cccdeadf2b7f23,Arabic,للاسف شئ مزعج ومعقد جدا .الهدف تسهيل الامور وهذا مالا يتحقق .احاول التفاعل مع تواجدي .نظرا لانني احمل اقامة مستثمر وموجود الان ف القاهرة .كل محاولاتي فشلت.
371,405adffe274b95bc,English,This is a good aap for me and very useful.i like it.
372,1f0230a25b4477a6,English,Crash. App not working ant not open from the last update i removed it and installed again still have the same problem
373,a35f6736f61d6432,English,Useless app. Tried to create acct many times but not working.
374,bb49ee8c1920007d,Arabic,كل ما اعطيه رقم الجواز  يقول غير صحيح
375,884af229a71dc957,English,very intuitive and thoughtful design UI.
376,fc22968e45798497,Arabic,واجد حلوة الي مايعرف طريق دبي
377,2ba428510d72e2f9,English,Jihad Kanawati Bagel Factory. Self inspection not working at all and not opening properly..kindly help
378,e9ea63236b17b3b5,Arabic,جدا ممتاز و يغنيك عن قوقل ماب
379,6c83470eaa66a13a,English,"Worst service , for bus mo change with them even they drive for all day, for taxi mo card payment worst government service provider"
380,7d16a8075257c854,English,Fast and better than Esaad app.
381,ef3916d1e13faa98,English,It has failed to accept my user name n I don't want to change my real names. You need to work on that.
382,16a6fc8f8eeaeeeb,English,Thanks RTA for such a nice gift to us. Proud of you RTA
383,db984c9a7a65fe65,Arabic,رائع صديق السائق حضاري راقي تشكر حكومة دبي من العيلة ورفيق الدرب
384,d68391852a7cb400,Arabic,اتمنى دوام الاجتهاد والتقدم لكل العاملين والقائمين على انحاز هذا التطبيق والسهل للمتعامل والمرن .
385,f6c0c5810ec3a817,Arabic,شكر لكما على جهودكم الطيبة 💯🌺🌹. شكرا لكم على جهودكم الطيبة
386,e2cd51e7e29ff4e6,English,your work and technology wonderful.we need like this lovely appliances. Thanks.
387,8188e6ba949c7428,Arabic,🤬. التطبيق لا يعمل باي شكل من الاشكال وحتى الكتابة لا تظهر التسجيل لا يكتمل خمس نجوم على ماذا
388,fc965c8a5a4e2f8a,English,I didn't see like this friendly software
389,756f3f106d2c13ce,Arabic,اسوء تطبيق التعامل معاه صعب جدا القديم اسهل
390,2e6d7a4f848da4d7,English,Very handy and useful at every sense  if u drive in UAE...
391,f04d09d060407fb1,English,"the app only work the first time you install it, after you login and start it for the 2nd time it freezes"
392,d4b5f09a19936277,Arabic,ولكن لاحظت انه كلما كانت السرعه اقل من 80كم اشارة GPS تكون متواصله ولكن اذا زادت السرعه عن 80 يتم فقد الاتصال ب GPS..ايضا يحتاج الى تحديث لبعض المواقع مثل الجسور  .
393,ae2b8ef801e3d666,English,"I would like to publicly thank 3 members of the Dubai Police that went above and beyond to help me when after a car crash the faulty driver game me incorrect contact information and was unable to pursue the insurance claim . Many thanks to : Jalal Alshab, Ahmad Alhammadi and Qais Almaamari for helping me sort this issue and your commitment to help and protect the people of the UAE 🇦🇪."
394,b7076fd6778b1060,Arabic,برنامج معقد جدآ وتأخير الامبرر فتحميل
395,9cdf41519b72bd59,Arabic,بكل جدارة واقتدار اصنف تطبيق (تم) من ضمن 5 نجوم في الخدمات الشمولية - اسال الله لكم التوفيق والسداد
396,c655943838414820,Arabic,التطبيق لا يفتح. التطبيق لا يفتح ، ارجو حل المشكلة هناك خلل فالتطبيق
397,eace3b7a5fdec4d8,Arabic,التطبيق ممتاز ولكن حاولت الدخول اليوم ولم استطع هناك مشكلة في البرنامج حذفت ونزلت من جديد ومازالت المشكلة قائمة من بعد التحديث حلو المشكلة لو سمحتوا بأسرع ما يمكن
398,853df28950d85482,English,One of the worst mob applications.. One star is too much for them.
399,9f8549e6ec6824c5,English,"Hi sir or Mam I started using my personal for him, open it 8 to 10 times. Please fix it right now I need have too much work"
400,62e38ad7ef0448af,Arabic,الاب ممتاز لكن يلزمه تحديث واضافه اماكن اكثر مثال : برواز دبي غير موجود
